{
	"credit": "luavixen",
	"textures": {
		"0": "item/mace_mesh",
		"1": "item/mace_heavy_core"
	},
	"elements": [
		{
			"name": "mace_head",
			"from": [4, 10, 4],
			"to": [12, 18, 12],
			"rotation": {"angle": 0, "axis": "y", "origin": [4, 10, 4]},
			"faces": {
				"north": {"uv": [0, 8, 8, 16], "texture": "#1"},
				"east": {"uv": [0, 8, 8, 16], "texture": "#1"},
				"south": {"uv": [0, 8, 8, 16], "texture": "#1"},
				"west": {"uv": [0, 8, 8, 16], "texture": "#1"},
				"up": {"uv": [0, 0, 8, 8], "texture": "#1"},
				"down": {"uv": [8, 0, 16, 8], "texture": "#1"}
			}
		},
		{
			"name": "mace_nub",
			"from": [7, 17, 7.5],
			"to": [9, 19, 8.5],
			"rotation": {"angle": 45, "axis": "z", "origin": [8, 18, 8]},
			"faces": {
				"north": {"uv": [13, 1, 15, 3], "texture": "#0"},
				"east": {"uv": [13, 1, 14, 3], "texture": "#0"},
				"south": {"uv": [13, 1, 15, 3], "texture": "#0"},
				"west": {"uv": [13, 1, 14, 3], "texture": "#0"},
				"up": {"uv": [13, 1, 15, 2], "texture": "#0"},
				"down": {"uv": [13, 1, 15, 2], "texture": "#0"}
			}
		},
		{
			"name": "mace_mesh_4",
			"from": [7, 9, 7.5],
			"to": [8, 11, 8.5],
			"rotation": {"angle": 45, "axis": "z", "origin": [8, 11, 8]},
			"faces": {
				"north": {"uv": [8, 8, 7, 10], "texture": "#0"},
				"east": {"uv": [7, 8, 8, 10], "texture": "#0"},
				"south": {"uv": [7, 8, 8, 10], "texture": "#0"},
				"west": {"uv": [7, 8, 8, 10], "texture": "#0"},
				"up": {"uv": [7, 8, 8, 9], "texture": "#0"},
				"down": {"uv": [7, 9, 8, 10], "texture": "#0"}
			}
		},
		{
			"name": "mace_mesh_11",
			"from": [6, 8, 7.5],
			"to": [7, 11, 8.5],
			"rotation": {"angle": 45, "axis": "z", "origin": [8, 11, 8]},
			"faces": {
				"north": {"uv": [7, 8, 6, 11], "texture": "#0"},
				"east": {"uv": [6, 8, 7, 11], "texture": "#0"},
				"south": {"uv": [6, 8, 7, 11], "texture": "#0"},
				"west": {"uv": [6, 8, 7, 11], "texture": "#0"},
				"up": {"uv": [6, 8, 7, 9], "texture": "#0"},
				"down": {"uv": [6, 10, 7, 11], "texture": "#0"}
			}
		},
		{
			"name": "mace_mesh_12",
			"from": [5, 7, 7.5],
			"to": [6, 10, 8.5],
			"rotation": {"angle": 45, "axis": "z", "origin": [8, 11, 8]},
			"faces": {
				"north": {"uv": [6, 9, 5, 12], "texture": "#0"},
				"east": {"uv": [5, 9, 6, 12], "texture": "#0"},
				"south": {"uv": [5, 9, 6, 12], "texture": "#0"},
				"west": {"uv": [5, 9, 6, 12], "texture": "#0"},
				"up": {"uv": [5, 9, 6, 10], "texture": "#0"},
				"down": {"uv": [5, 11, 6, 12], "texture": "#0"}
			}
		},
		{
			"name": "mace_mesh_13",
			"from": [4, 6, 7.5],
			"to": [5, 9, 8.5],
			"rotation": {"angle": 45, "axis": "z", "origin": [8, 11, 8]},
			"faces": {
				"north": {"uv": [5, 10, 4, 13], "texture": "#0"},
				"east": {"uv": [4, 10, 5, 13], "texture": "#0"},
				"south": {"uv": [4, 10, 5, 13], "texture": "#0"},
				"west": {"uv": [4, 10, 5, 13], "texture": "#0"},
				"up": {"uv": [4, 10, 5, 11], "texture": "#0"},
				"down": {"uv": [4, 12, 5, 13], "texture": "#0"}
			}
		},
		{
			"name": "mace_mesh_15",
			"from": [3, 5, 7.5],
			"to": [4, 8, 8.5],
			"rotation": {"angle": 45, "axis": "z", "origin": [8, 11, 8]},
			"faces": {
				"north": {"uv": [4, 11, 3, 14], "texture": "#0"},
				"east": {"uv": [3, 11, 4, 14], "texture": "#0"},
				"south": {"uv": [3, 11, 4, 14], "texture": "#0"},
				"west": {"uv": [3, 11, 4, 14], "texture": "#0"},
				"up": {"uv": [3, 11, 4, 12], "texture": "#0"},
				"down": {"uv": [3, 13, 4, 14], "texture": "#0"}
			}
		},
		{
			"name": "mace_mesh_16",
			"from": [2, 3, 7.5],
			"to": [3, 7, 8.5],
			"rotation": {"angle": 45, "axis": "z", "origin": [8, 11, 8]},
			"faces": {
				"north": {"uv": [3, 12, 2, 16], "texture": "#0"},
				"east": {"uv": [2, 12, 3, 16], "texture": "#0"},
				"south": {"uv": [2, 12, 3, 16], "texture": "#0"},
				"west": {"uv": [2, 12, 3, 16], "texture": "#0"},
				"up": {"uv": [2, 12, 3, 13], "texture": "#0"},
				"down": {"uv": [2, 15, 3, 16], "texture": "#0"}
			}
		},
		{
			"name": "mace_mesh_17",
			"from": [0, 3, 7.5],
			"to": [2, 6, 8.5],
			"rotation": {"angle": 45, "axis": "z", "origin": [8, 11, 8]},
			"faces": {
				"north": {"uv": [2, 13, 0, 16], "texture": "#0"},
				"east": {"uv": [1, 13, 2, 16], "texture": "#0"},
				"south": {"uv": [0, 13, 2, 16], "texture": "#0"},
				"west": {"uv": [0, 13, 1, 16], "texture": "#0"},
				"up": {"uv": [0, 13, 2, 14], "texture": "#0"},
				"down": {"uv": [0, 15, 2, 16], "texture": "#0"}
			}
		}
	],
	"gui_light": "front",
	"display": {
		"thirdperson_righthand": {
			"rotation": [0, -90, 0],
			"translation": [0, 1, 1.75],
			"scale": [1.15, 1.15, 1.15]
		},
		"thirdperson_lefthand": {
			"rotation": [0, -90, 0],
			"translation": [0, -1, 1.25],
			"scale": [1.15, 1.15, 1.15]
		},
		"firstperson_righthand": {
			"rotation": [2, 90, 10],
			"translation": [-1.5, 4.1, 3.8],
			"scale": [0.55, 0.55, 0.55]
		},
		"firstperson_lefthand": {
			"rotation": [2, 90, 10],
			"translation": [-1.5, 4.1, 3.8],
			"scale": [0.55, 0.55, 0.55]
		},
		"ground": {
			"rotation": [45, 0, 0],
			"translation": [0, 2, 0],
			"scale": [0.5, 0.5, 0.5]
		},
		"gui": {
			"rotation": [0, 90, 0],
			"translation": [2, 2, 0],
			"scale": [1, 0.5, 0.5]
		}
	},
	"groups": [
		{
			"name": "mace",
			"origin": [8, 8, 8],
			"color": 0,
			"children": [
				{
					"name": "group",
					"origin": [0, 0, 0],
					"color": 0,
					"children": [
						0,
						1,
						{
							"name": "mace_handle",
							"origin": [8, 8, 8],
							"color": 0,
							"children": [2, 3, 4, 5, 6, 7, 8]
						}
					]
				}
			]
		}
	]
}